title,price_gbp,rating_stars,availability,category
Whispers Kingdom Vol. 3,31.28,4,In stock (16 available),Nonfiction
Secrets Winter,44.32,1,In stock (2 available),Fiction
Last Tale,24.05,3,In stock (10 available),Nonfiction
Endless Light,9.77,3,In stock (5 available),Childrens
Shadows Storm,19.75,3,In stock (5 available),Mystery
A Forest,35.75,3,In stock (16 available),Sequential Art
Legacy Tale,26.97,2,In stock (5 available),Nonfiction
Secrets Night Vol. 1,24.47,3,In stock (5 available),History
Echoes Star,42.0,4,In stock (16 available),Business
Echoes Flame,56.03,3,In stock (5 available),Science Fiction
First Night Vol. 3,28.47,4,In stock (5 available),Art
Silent Light,23.96,5,In stock (20 available),Sequential Art
Rise Storm Vol. 3,40.89,2,In stock (2 available),Travel
Journey Flame Vol. 3,16.59,4,In stock (16 available),Childrens
Silent Star,7.87,5,In stock (2 available),Romance
Echoes Ocean,28.82,3,In stock (10 available),Travel
Last Light,41.68,3,In stock (5 available),Business
Rise Mountain Vol. 2,10.15,3,In stock (20 available),Science Fiction
Chronicles Song,41.19,4,In stock (16 available),Sequential Art
Golden Storm Vol. 1,38.42,2,In stock (16 available),Biography
The Tale Vol. 2,33.7,5,In stock (5 available),Fiction
Journey Garden,35.37,1,In stock (10 available),Mystery
Secrets Flame,30.02,3,In stock (16 available),Business
Broken Storm,30.35,2,In stock (5 available),Childrens
Silent Star,41.2,3,In stock (16 available),Fantasy
First Night,30.9,1,In stock (20 available),Fiction
A Night,21.02,3,In stock (10 available),Art
Beyond Flame,40.62,5,In stock (16 available),Sequential Art
Hidden Night Vol. 2,42.6,3,In stock (10 available),Nonfiction
Lost Garden,54.83,1,In stock (10 available),Business
Rise Mountain,21.58,2,In stock (10 available),Nonfiction
Journey River,26.51,1,In stock (16 available),Mystery
The River,19.71,3,In stock (1 available),Travel
Echoes Moon Vol. 1,28.75,5,In stock (10 available),History
Legacy Ocean,10.06,2,In stock (5 available),Biography
Beyond Garden,21.44,1,In stock (5 available),Romance
A Garden Vol. 3,40.92,1,In stock (16 available),Romance
Secrets Dream,20.83,4,In stock (2 available),Mystery
Silent Mountain,16.18,3,In stock (16 available),Philosophy
Endless Song Vol. 2,18.67,4,In stock (5 available),Nonfiction
Journey Light,36.9,5,In stock (1 available),Business
The Forest,17.49,1,In stock (2 available),Mystery
Last Light Vol. 1,36.16,3,In stock (10 available),Sequential Art
First Path,31.76,1,In stock (16 available),Romance
Legacy Mountain Vol. 1,43.21,2,In stock (5 available),Mystery
Golden Storm Vol. 3,15.37,4,In stock (5 available),Nonfiction
Last Truth,13.0,1,In stock (5 available),Mystery
Shadows Light,18.14,4,In stock (10 available),Fantasy
First Kingdom,25.53,1,In stock (5 available),Sequential Art
Endless Flame Vol. 1,21.64,1,In stock (5 available),Science Fiction
A Star,22.41,4,In stock (10 available),Nonfiction
Golden City,18.28,4,In stock (10 available),Biography
The Dream Vol. 3,47.6,5,In stock (2 available),Biography
Chronicles Dream,18.9,5,In stock (10 available),Travel
Journey Storm Vol. 2,38.42,2,In stock (20 available),History
Beyond Moon Vol. 2,6.05,1,In stock (5 available),Art
Fall Song,5,2,In stock (5 available),Art
Echoes Winter,21.59,4,In stock (5 available),Mystery
Rise Ocean,16.19,3,In stock (20 available),Mystery
Broken Kingdom,55.39,4,In stock (20 available),Business
Beyond Star,59.73,4,In stock (1 available),Business
Legacy Song,19.99,3,In stock (20 available),Travel
Legacy Flame,22.03,4,In stock (2 available),Travel
Golden Winter Vol. 2,17.92,4,In stock (5 available),Romance
Legacy Storm,22.44,3,In stock (2 available),Philosophy
Last Truth,33.91,1,In stock (16 available),Business
Golden World,36.94,2,In stock (1 available),Business
Journey Truth,55.2,3,In stock (20 available),Fantasy
Endless Storm,19.03,4,In stock (1 available),Travel
Whispers Ocean,28.32,5,In stock (16 available),Biography
Lost Garden,35.68,4,In stock (20 available),Sequential Art
Last Flame Vol. 3,17.2,5,In stock (16 available),Biography
Last Ocean Vol. 3,40.89,3,In stock (2 available),Sequential Art
Chronicles Song,48.08,3,In stock (1 available),Nonfiction
Legacy Night Vol. 2,31.85,2,In stock (10 available),Poetry
Shadows Storm Vol. 1,24.94,3,In stock (10 available),Travel
Broken Garden Vol. 1,41.14,4,In stock (16 available),Travel
Silent Truth Vol. 1,19.05,4,In stock (10 available),History
First Flame,37.45,1,In stock (5 available),Fantasy
Silent Dream,42.6,3,In stock (10 available),Philosophy
Endless Winter,23.96,3,In stock (1 available),Mystery
Chronicles Moon,29.94,3,In stock (10 available),Fantasy
Chronicles Ocean,49.83,5,In stock (5 available),Fantasy
Journey River,29.82,1,In stock (2 available),Biography
Beyond Kingdom,40.53,4,In stock (2 available),Nonfiction
Lost Light,42.72,4,In stock (20 available),Philosophy
Whispers Dream,40.24,4,In stock (10 available),Philosophy
Silent Storm,29.67,4,In stock (2 available),Childrens
Whispers Path,52.97,4,In stock (5 available),Biography
First Ocean Vol. 3,51.76,3,In stock (5 available),Mystery
The Ocean,44.54,4,In stock (20 available),Travel
Shadows Ocean,23.84,5,In stock (5 available),Romance
Golden Flame Vol. 2,35.37,3,In stock (2 available),Travel
Secrets Light,13.71,3,In stock (16 available),Biography
Silent World Vol. 1,21.7,3,In stock (5 available),Art
Rise Light,40.36,3,In stock (1 available),Sequential Art
Last Storm,15.29,2,In stock (10 available),Childrens
Hidden Forest,36.47,2,In stock (20 available),History
Journey Path,13.44,3,In stock (20 available),Poetry
First World,37.47,3,In stock (5 available),Fantasy
Journey Mountain,38.87,4,In stock (2 available),Poetry
Beyond Storm Vol. 3,38.15,4,In stock (16 available),History
Golden Path,29.06,1,In stock (16 available),History
Shadows Light,35.47,3,In stock (2 available),Romance
Hidden Mountain,15.31,2,In stock (1 available),History
Chronicles Truth,30.47,3,In stock (16 available),Travel
A City,35.8,4,In stock (10 available),History
Golden Tale,32.62,3,In stock (10 available),Biography
Lost Path Vol. 3,24.16,5,In stock (1 available),History
Beyond Storm,26.23,2,In stock (2 available),Mystery
First River,12.66,3,In stock (2 available),Travel
Legacy Path Vol. 3,32.93,4,In stock (5 available),Mystery
Endless Storm,29.07,3,In stock (2 available),Romance
Secrets Garden Vol. 1,36.73,4,In stock (16 available),Philosophy
Legacy Forest Vol. 1,23.94,3,In stock (16 available),Childrens
Hidden Forest,36.48,5,In stock (20 available),Fiction
Rise Tale,30.37,5,In stock (16 available),Mystery
The Light,45.82,4,In stock (10 available),Biography
Last Forest,9.74,5,In stock (10 available),Philosophy
Fall Ocean Vol. 2,53.63,2,In stock (2 available),Business
Rise Ocean Vol. 3,21.66,4,In stock (1 available),History
Lost River Vol. 2,17.65,2,In stock (10 available),Poetry
Last Kingdom,28.39,3,In stock (10 available),Fantasy
Lost Garden Vol. 1,32.01,2,In stock (5 available),Romance
Lost Truth,38.12,2,In stock (16 available),Business
The Flame,22.39,5,In stock (1 available),Nonfiction
Lost Mountain,44.09,4,In stock (10 available),Fantasy
Hidden Truth Vol. 1,23.91,2,In stock (2 available),Romance
Golden Song,46.7,5,In stock (5 available),Art
Last Light Vol. 1,36.77,3,In stock (16 available),Childrens
Endless Truth Vol. 1,17.26,4,In stock (10 available),Romance
Lost World,29.06,4,In stock (2 available),Nonfiction
Broken Garden,28.91,3,In stock (20 available),Fantasy
Shadows Truth,6.94,5,In stock (5 available),Romance
Whispers Forest,9.49,3,In stock (20 available),Sequential Art
Shadows River Vol. 2,33.14,4,In stock (10 available),Poetry
Secrets World,44.15,5,In stock (10 available),Travel
First Garden,23.21,4,In stock (5 available),Nonfiction
Journey River,11.75,3,In stock (20 available),Biography
Legacy Kingdom Vol. 1,9.86,1,In stock (5 available),Biography
Fall Ocean,12.54,2,In stock (2 available),Romance
Secrets Tale,54.53,2,In stock (16 available),Business
Shadows Night,10.78,5,In stock (10 available),History
Legacy Flame,39.47,5,In stock (16 available),Fantasy
Legacy Ocean Vol. 3,39.51,3,In stock (10 available),Fantasy
Whispers Night,21.39,4,In stock (20 available),Poetry
Legacy Kingdom Vol. 3,51.99,4,In stock (1 available),History
Golden Truth,31.22,4,In stock (2 available),Philosophy
Beyond Tale,24.8,4,In stock (20 available),Biography
Whispers Garden Vol. 2,7.69,4,In stock (20 available),Fiction
Shadows River Vol. 2,21.07,4,In stock (5 available),Childrens
Last Song,32.07,5,In stock (10 available),History
Legacy World Vol. 1,47.82,5,In stock (20 available),Mystery
Silent Flame,52.19,3,In stock (5 available),Biography
First Mountain Vol. 2,44.94,3,In stock (20 available),Business
Fall Mountain,25.64,1,In stock (16 available),Fantasy
Rise Tale,19.16,4,In stock (20 available),Mystery
Broken Mountain,14.92,3,In stock (10 available),Fiction
Whispers Mountain,19.16,5,In stock (20 available),Science Fiction
First Ocean,35.44,2,In stock (10 available),Childrens
Whispers Truth Vol. 3,39.3,3,In stock (2 available),History
Fall Mountain Vol. 3,30.36,5,In stock (20 available),Romance
Fall Garden Vol. 2,56.69,4,In stock (1 available),Nonfiction
Beyond Tale,22.19,3,In stock (2 available),Biography
Endless Storm,9.18,2,In stock (2 available),Nonfiction
Golden Kingdom,16.65,3,In stock (2 available),Science Fiction
Whispers Kingdom,30.2,3,In stock (2 available),Poetry
Chronicles Garden,19.43,3,In stock (20 available),Travel
Secrets Truth Vol. 2,17.05,2,In stock (16 available),Romance
A Song Vol. 2,37.69,5,In stock (1 available),Business
Hidden Moon,5,1,In stock (1 available),Mystery
Rise Tale,29.61,3,In stock (20 available),Science Fiction
Endless Flame Vol. 3,42.75,3,In stock (16 available),Travel
Broken Mountain,27.5,4,In stock (16 available),Art
Beyond Ocean,21.01,3,In stock (1 available),Travel
Rise Ocean,39.19,3,In stock (2 available),History
Hidden River,9.96,3,In stock (2 available),Mystery
First Garden,36.23,3,In stock (1 available),Romance
Broken Star Vol. 3,31.37,3,In stock (5 available),Art
Fall Mountain,26.03,2,In stock (10 available),Nonfiction
Journey Mountain,35.28,2,In stock (10 available),Poetry
First Tale,51.41,4,In stock (16 available),Business
Chronicles Kingdom Vol. 1,30.11,3,In stock (2 available),Childrens
Shadows Winter Vol. 3,5,2,In stock (20 available),Mystery
The River,18.6,2,In stock (5 available),Nonfiction
Rise Winter,37.26,1,In stock (2 available),Sequential Art
Golden Garden,16.19,4,In stock (10 available),History
Chronicles Storm,32.41,3,In stock (5 available),Poetry
Endless Truth,39.55,4,In stock (1 available),History
Beyond Path,31.39,3,In stock (5 available),Biography
Whispers Kingdom,33.28,4,In stock (16 available),Travel
First Star Vol. 1,38.48,4,In stock (10 available),Art
The Forest Vol. 1,18.97,4,In stock (5 available),Philosophy
Whispers Moon Vol. 1,33.25,4,In stock (16 available),Science Fiction
Lost Star Vol. 1,38.1,3,In stock (1 available),Art
Silent Path Vol. 3,35.92,3,In stock (2 available),Nonfiction
Secrets Song,5,3,In stock (20 available),Romance
Shadows Night,26.37,2,In stock (16 available),History
Shadows River,19.94,4,In stock (20 available),Fantasy
Endless Tale,31.47,2,In stock (1 available),Poetry
Hidden Forest Vol. 3,27.37,3,In stock (5 available),Biography
Lost Forest,32.03,4,In stock (1 available),Poetry
Secrets Tale,13.16,4,In stock (1 available),Travel
Lost Winter,31.54,4,In stock (16 available),Poetry
Shadows Garden,36.87,4,In stock (16 available),Biography
Echoes Garden,28.48,5,In stock (16 available),Fantasy
Last Tale Vol. 1,38.34,4,In stock (20 available),Poetry
Golden Garden,22.14,1,In stock (1 available),Poetry
First Moon Vol. 2,46.46,4,In stock (2 available),Childrens
Rise River,5,5,In stock (5 available),Science Fiction
Silent City,23.73,4,In stock (2 available),Mystery
Last River,38.86,3,In stock (1 available),Travel
Fall Path,41.11,2,In stock (2 available),Poetry
Shadows River,23.53,4,In stock (20 available),Romance
Last Garden Vol. 3,28.65,3,In stock (2 available),Sequential Art
Echoes Tale,28.67,1,In stock (5 available),Fantasy
Journey Forest Vol. 3,27.88,3,In stock (5 available),Biography
Hidden Storm,16.9,5,In stock (10 available),Philosophy
Legacy Moon,49.62,4,In stock (2 available),Travel
Chronicles Garden Vol. 3,23.35,3,In stock (1 available),Art
Last Mountain,35.0,3,In stock (10 available),Biography
Secrets Night Vol. 2,39.08,1,In stock (1 available),Sequential Art
Silent Song,39.63,1,In stock (1 available),Travel
Rise City,27.6,5,In stock (10 available),History
Shadows Truth,26.95,2,In stock (2 available),Fiction
First Tale Vol. 3,26.69,4,In stock (2 available),Mystery
Legacy Mountain,17.23,1,In stock (10 available),Travel
Golden Flame,15.16,4,In stock (20 available),Romance
Shadows Path,20.61,2,In stock (20 available),Philosophy
Secrets Song,40.46,3,In stock (16 available),Romance
First Kingdom Vol. 2,5,3,In stock (1 available),Fiction
Fall River,5,4,In stock (1 available),Childrens
Endless World,6.92,2,In stock (20 available),Poetry
Lost Truth,21.73,2,In stock (20 available),Biography
Lost Garden,31.39,3,In stock (5 available),Fiction
Last Moon Vol. 3,5,1,In stock (20 available),History
Beyond Path,22.65,4,In stock (10 available),Art
Silent Forest Vol. 2,20.05,3,In stock (10 available),Science Fiction
Fall Song,16.67,5,In stock (2 available),Childrens
First Path,33.82,3,In stock (5 available),Mystery
Legacy Forest,34.5,3,In stock (20 available),Travel
Fall Tale Vol. 2,56.26,5,In stock (1 available),Business
Secrets Moon,28.0,1,In stock (16 available),Biography
Lost Garden,20.91,4,In stock (5 available),Nonfiction
Fall Moon,37.48,3,In stock (10 available),Philosophy
Secrets Winter,38.78,3,In stock (20 available),Poetry
Chronicles Night,33.67,5,In stock (1 available),Childrens
Chronicles Light Vol. 3,41.34,5,In stock (5 available),Nonfiction
Hidden Storm,34.6,4,In stock (1 available),Art
Rise Star,31.31,3,In stock (5 available),Romance
Echoes Dream,33.81,2,In stock (10 available),Nonfiction
The Star,33.55,3,In stock (16 available),Poetry
Shadows Tale,12.71,3,In stock (10 available),History
Broken Winter,39.38,4,In stock (10 available),Poetry
Lost Song,35.24,4,In stock (2 available),Sequential Art
Broken Song,14.64,2,In stock (2 available),Romance
Echoes World,41.73,3,In stock (1 available),Poetry
Chronicles Storm,23.3,2,In stock (5 available),History
Golden Flame,58.99,2,In stock (20 available),Business
Golden Tale,49.95,4,In stock (1 available),Fiction
Secrets Garden,16.08,3,In stock (20 available),History
The Truth,11.35,4,In stock (5 available),History
Hidden Night Vol. 3,10.44,2,In stock (10 available),History
Hidden Forest Vol. 1,35.27,2,In stock (20 available),Philosophy
Rise Star,17.41,3,In stock (10 available),Biography
Whispers Light,39.2,1,In stock (5 available),Science Fiction
Silent Tale,45.98,5,In stock (20 available),Art
Rise Storm Vol. 1,15.33,3,In stock (5 available),Romance
Hidden Kingdom Vol. 1,19.41,4,In stock (1 available),Romance
A Path,30.36,4,In stock (20 available),Sequential Art
Hidden Path,33.02,3,In stock (5 available),Art
Silent Star Vol. 1,29.02,4,In stock (2 available),Fiction
Fall Flame,7.6,3,In stock (16 available),Travel
Golden Mountain,27.45,3,In stock (5 available),Travel
First Star,15.89,1,In stock (2 available),Philosophy
Rise Truth Vol. 3,27.19,4,In stock (16 available),Science Fiction
Shadows World Vol. 3,15.0,4,In stock (16 available),Science Fiction
Rise Song,45.35,4,In stock (5 available),Fantasy
Hidden Kingdom Vol. 2,54.62,3,In stock (20 available),Business
The Tale Vol. 2,52.92,4,In stock (16 available),Business
Endless Night,15.48,4,In stock (10 available),Philosophy
Shadows Night,29.79,2,In stock (1 available),Childrens
Lost World,23.5,4,In stock (10 available),Travel
A City,16.52,3,In stock (20 available),Romance
Hidden Song Vol. 2,13.66,3,In stock (20 available),Science Fiction
Chronicles Tale,31.71,3,In stock (5 available),Nonfiction
Journey Path,22.9,3,In stock (16 available),Nonfiction
Chronicles Path,32.06,3,In stock (10 available),Business
Fall City,32.68,5,In stock (20 available),History
Chronicles Truth,26.65,3,In stock (16 available),Art
Chronicles City,20.36,4,In stock (16 available),Childrens
Journey Night,23.36,3,In stock (10 available),Travel
Whispers City,37.54,5,In stock (10 available),Sequential Art
Hidden Storm Vol. 2,42.62,4,In stock (1 available),History
Endless Night,29.95,5,In stock (10 available),Childrens
Echoes Garden Vol. 2,25.33,5,In stock (5 available),Science Fiction
A Kingdom,56.76,3,In stock (20 available),Philosophy
First Song,49.38,3,In stock (5 available),Art
Beyond Mountain,19.05,2,In stock (20 available),Childrens
Rise Path,30.36,2,In stock (16 available),Biography
Silent Ocean Vol. 3,23.64,5,In stock (10 available),Mystery
Rise Night Vol. 1,31.14,2,In stock (5 available),Travel
Rise Path,47.43,4,In stock (1 available),Philosophy
Whispers Forest,29.25,4,In stock (20 available),Travel
Legacy Mountain Vol. 3,21.66,2,In stock (2 available),Poetry
Lost Tale Vol. 2,22.43,3,In stock (10 available),Childrens
First Storm,10.6,3,In stock (16 available),Biography
Fall River,13.04,4,In stock (16 available),Fiction
Beyond Winter,21.14,2,In stock (2 available),Science Fiction
Endless Truth,47.83,4,In stock (10 available),Fantasy
Shadows Song Vol. 2,42.5,4,In stock (20 available),Philosophy
The Moon,32.74,2,In stock (1 available),Childrens
A Ocean,23.91,5,In stock (10 available),Mystery
A Path,26.92,2,In stock (20 available),Biography
Broken Star Vol. 2,38.13,1,In stock (20 available),Art
First City Vol. 3,22.19,2,In stock (16 available),Mystery
Silent Song,38.24,5,In stock (10 available),Nonfiction
First Ocean Vol. 3,10.64,2,In stock (10 available),Art
Fall City,42.47,1,In stock (20 available),Sequential Art
Broken Tale,13.57,1,In stock (16 available),Nonfiction
A Forest,34.25,1,In stock (10 available),Childrens
Journey Flame,21.53,3,In stock (5 available),Science Fiction
Journey Winter,33.13,2,In stock (2 available),Philosophy
Last Night Vol. 2,6.06,1,In stock (16 available),History
Echoes Ocean Vol. 3,53.17,4,In stock (16 available),Fiction
Rise Ocean,23.05,3,In stock (16 available),History
Hidden Night Vol. 1,22.28,5,In stock (16 available),Art
Broken Ocean,7.04,3,In stock (5 available),Science Fiction
Beyond World,17.01,3,In stock (2 available),Sequential Art
A Light,33.59,4,In stock (1 available),Philosophy
Beyond Winter,29.69,5,In stock (5 available),Romance
The Storm,36.04,4,In stock (10 available),Mystery
Journey Tale,41.1,4,In stock (10 available),Travel
Lost Flame Vol. 3,20.27,3,In stock (16 available),History
Hidden Forest,35.77,2,In stock (5 available),Fantasy
Broken Garden,17.48,2,In stock (5 available),Childrens
First Winter,25.78,2,In stock (16 available),Travel
Journey Truth,52.61,3,In stock (10 available),Business
Hidden Forest,24.05,3,In stock (2 available),Biography
First Garden,33.28,4,In stock (20 available),Art
A Kingdom,24.93,2,In stock (2 available),Art
Last Forest,26.7,4,In stock (16 available),Philosophy
Hidden Truth,26.24,3,In stock (5 available),Romance
First Path,27.41,4,In stock (10 available),Art
Echoes Mountain,28.95,3,In stock (5 available),Science Fiction
Chronicles Moon Vol. 1,44.66,3,In stock (2 available),Travel
Journey Path,62.36,1,In stock (10 available),Business
Silent Moon Vol. 3,24.09,4,In stock (20 available),Fiction
Echoes River Vol. 2,48.32,5,In stock (1 available),Business
Last Garden,12.86,5,In stock (16 available),Sequential Art
Hidden Light,67.95,4,In stock (1 available),Business
Echoes World,18.41,2,In stock (20 available),Philosophy
Silent River,31.36,3,In stock (16 available),Philosophy
Rise Moon,50.73,5,In stock (20 available),Biography
Secrets Song Vol. 3,32.13,1,In stock (16 available),Fiction
Golden Tale Vol. 2,30.02,4,In stock (10 available),Fiction
Hidden Night,11.53,4,In stock (1 available),Travel
Golden Path,35.52,1,In stock (2 available),Mystery
Silent City Vol. 3,24.63,5,In stock (10 available),Poetry
Fall Light,32.04,2,In stock (10 available),Mystery
First Flame Vol. 3,39.06,1,In stock (16 available),Mystery
Rise Moon Vol. 1,29.84,3,In stock (1 available),Travel
First Night,25.11,3,In stock (5 available),Science Fiction
Hidden City,21.28,3,In stock (5 available),Travel
Hidden River Vol. 2,25.45,4,In stock (10 available),Nonfiction
Whispers City,14.19,3,In stock (16 available),Travel
Silent World Vol. 2,37.51,5,In stock (2 available),Travel
Legacy World,6.21,3,In stock (2 available),Nonfiction
Silent World,6.89,4,In stock (5 available),Childrens
Silent Light Vol. 2,5,5,In stock (2 available),Mystery
Endless Flame,5,3,In stock (20 available),Biography
Beyond Forest,18.81,4,In stock (10 available),Mystery
Hidden City Vol. 3,27.88,3,In stock (10 available),Nonfiction
Secrets Forest Vol. 3,36.94,3,In stock (16 available),Philosophy
Broken Flame Vol. 1,39.79,4,In stock (1 available),Childrens
Whispers Night,18.91,2,In stock (16 available),Poetry
A Winter,28.8,5,In stock (10 available),Business
Whispers Kingdom Vol. 1,39.83,3,In stock (16 available),Nonfiction
First Winter,16.73,4,In stock (16 available),Nonfiction
Last City,38.99,2,In stock (10 available),Fantasy
Secrets Mountain,22.98,2,In stock (10 available),Poetry
Fall Truth Vol. 1,40.24,4,In stock (5 available),Childrens
Secrets Path,38.89,2,In stock (2 available),Mystery
Journey Song,29.56,3,In stock (10 available),Science Fiction
Lost Night,34.83,3,In stock (20 available),Science Fiction
Golden Storm,44.18,3,In stock (20 available),Travel
Beyond Storm,32.49,4,In stock (16 available),Biography
Echoes Star,19.9,2,In stock (20 available),Fantasy
Hidden Song Vol. 3,20.83,2,In stock (5 available),Philosophy
Lost Tale,35.72,4,In stock (16 available),Childrens
Endless River,35.56,2,In stock (20 available),Poetry
Shadows Song Vol. 2,36.91,2,In stock (10 available),Philosophy
Broken Dream,21.99,5,In stock (16 available),Romance
Echoes Truth,11.8,3,In stock (10 available),Science Fiction
Golden Garden,49.42,5,In stock (16 available),Fantasy
Hidden Ocean Vol. 3,44.68,4,In stock (10 available),Travel
Hidden Dream,27.41,1,In stock (2 available),Fiction
First Path Vol. 1,21.88,4,In stock (10 available),Philosophy
First Song,26.32,5,In stock (16 available),Mystery
A Forest,42.92,2,In stock (20 available),Travel
Journey Path Vol. 1,15.17,3,In stock (1 available),History
Journey Storm,46.0,3,In stock (20 available),Childrens
Golden Ocean,32.78,4,In stock (16 available),Science Fiction
Fall Flame,6.53,2,In stock (20 available),Romance
Legacy Path Vol. 3,5,4,In stock (2 available),Art
Broken Garden,25.67,4,In stock (2 available),Science Fiction
Journey City Vol. 3,28.36,3,In stock (2 available),Art
Endless Light Vol. 3,51.11,3,In stock (20 available),Travel
Secrets Moon,19.63,3,In stock (10 available),History
Rise Winter,5,4,In stock (10 available),Mystery
Fall River Vol. 3,49.95,3,In stock (5 available),Nonfiction
Legacy World,23.54,4,In stock (10 available),Science Fiction
Rise Garden,47.81,2,In stock (2 available),Business
Lost Forest Vol. 1,14.99,5,In stock (2 available),Nonfiction
Legacy Dream,41.82,4,In stock (20 available),Business
Echoes Garden,31.83,4,In stock (2 available),History
Broken River,26.1,4,In stock (16 available),Fiction
Lost Kingdom,32.71,4,In stock (10 available),Poetry
Shadows Truth,46.4,2,In stock (5 available),Travel
Legacy City,56.57,5,In stock (2 available),Business
Secrets Song,22.4,4,In stock (20 available),Philosophy
Shadows Ocean,24.54,5,In stock (1 available),Fantasy
Whispers City,5,3,In stock (2 available),Childrens
Journey Light,48.54,4,In stock (16 available),Nonfiction
Golden Path,42.04,2,In stock (16 available),Art
Last Storm Vol. 3,7.91,4,In stock (2 available),History
Hidden Moon,32.02,5,In stock (1 available),Fantasy
Fall World Vol. 1,24.49,4,In stock (10 available),Art
Fall Flame,5,1,In stock (16 available),Biography
Secrets Kingdom,31.43,5,In stock (10 available),Fiction
Last Path,29.35,3,In stock (20 available),Romance
First Flame,15.48,1,In stock (1 available),History
Last Storm,14.84,4,In stock (20 available),Poetry
Secrets Path Vol. 3,38.79,5,In stock (2 available),Childrens
A Night Vol. 1,12.26,3,In stock (20 available),Mystery
Echoes Mountain,32.75,4,In stock (2 available),Science Fiction
Hidden Star,32.09,3,In stock (20 available),Biography
Chronicles Mountain Vol. 1,19.65,3,In stock (16 available),Biography
Secrets Light,56.7,3,In stock (10 available),Business
Endless Dream,34.16,4,In stock (16 available),History
Whispers Night,48.01,2,In stock (10 available),Fiction
Fall Moon,34.54,5,In stock (1 available),Sequential Art
First Ocean Vol. 1,11.44,3,In stock (1 available),Nonfiction
Endless Star,54.62,5,In stock (2 available),Business
Journey Song Vol. 1,45.23,4,In stock (5 available),Mystery
Rise River Vol. 3,8.2,3,In stock (5 available),Fiction
Endless Path,12.35,3,In stock (2 available),Nonfiction
First Night,31.61,3,In stock (2 available),Sequential Art
First Star,38.82,4,In stock (10 available),Sequential Art
Legacy Mountain,28.65,3,In stock (1 available),Nonfiction
Shadows Light,30.69,3,In stock (5 available),Sequential Art
Lost River,51.03,2,In stock (10 available),Romance
Secrets Winter,24.68,3,In stock (5 available),Travel
Silent World Vol. 2,22.59,2,In stock (2 available),History
Shadows Winter,34.89,3,In stock (16 available),Mystery
Fall Storm Vol. 2,46.54,3,In stock (1 available),Fantasy
Secrets Dream Vol. 3,23.42,2,In stock (5 available),Art
Shadows River,12.34,3,In stock (1 available),Poetry
Legacy Light,37.34,4,In stock (1 available),Travel
Lost Mountain,12.89,1,In stock (2 available),Fiction
Shadows Storm Vol. 2,33.21,4,In stock (5 available),Business
Secrets Kingdom,15.39,4,In stock (2 available),Sequential Art
Secrets World,60.88,3,In stock (20 available),Fantasy
Silent Truth Vol. 1,53.53,3,In stock (5 available),Business
Beyond Dream Vol. 2,37.37,4,In stock (2 available),Fantasy
Legacy Truth,32.87,1,In stock (5 available),Fantasy
Silent City,55.97,4,In stock (16 available),Business
The Moon Vol. 3,25.28,3,In stock (10 available),Fantasy
Fall Winter Vol. 3,27.65,4,In stock (1 available),Travel
Chronicles Garden,30.74,4,In stock (2 available),Poetry
Echoes Mountain,25.71,5,In stock (1 available),Nonfiction
Journey Winter Vol. 2,49.97,4,In stock (2 available),Sequential Art
Echoes Night Vol. 3,27.16,4,In stock (20 available),Biography
Fall Winter,18.72,5,In stock (10 available),Philosophy
First Path Vol. 1,32.37,2,In stock (16 available),Fiction
Hidden Kingdom,32.69,4,In stock (5 available),Nonfiction
Echoes World,5.08,4,In stock (16 available),Science Fiction
Fall River,31.13,3,In stock (1 available),Business
Rise Path,26.58,4,In stock (10 available),Science Fiction
Rise Dream,15.22,5,In stock (16 available),Childrens
Fall Night,32.64,4,In stock (2 available),Art
Echoes Kingdom,37.16,5,In stock (16 available),Travel
A Dream Vol. 3,33.96,4,In stock (1 available),Sequential Art
Hidden City,12.61,2,In stock (5 available),Mystery
Echoes River,43.59,1,In stock (2 available),Business
Journey River Vol. 2,17.24,2,In stock (1 available),Biography
A Moon,52.47,3,In stock (10 available),Travel
Fall Flame,23.19,3,In stock (16 available),Art
Journey Dream,33.68,3,In stock (1 available),Biography
Secrets World Vol. 1,19.73,4,In stock (16 available),Science Fiction
Secrets World,25.01,5,In stock (2 available),Sequential Art
Golden Ocean,28.33,3,In stock (2 available),Mystery
Broken Flame,27.07,2,In stock (1 available),Romance
Silent Winter Vol. 3,37.71,1,In stock (1 available),Science Fiction
Broken River,38.53,1,In stock (2 available),Business
Legacy River,23.28,4,In stock (10 available),History
Hidden Light,19.21,3,In stock (2 available),Romance
Lost Garden Vol. 2,42.5,3,In stock (5 available),Fantasy
Endless Garden,59.63,4,In stock (10 available),Business
Endless Night,38.18,3,In stock (16 available),Art
Broken Flame Vol. 3,40.05,1,In stock (20 available),Philosophy
A Song,18.76,4,In stock (16 available),Biography
Shadows Mountain,49.48,2,In stock (10 available),Science Fiction
Secrets Ocean,24.2,4,In stock (5 available),Science Fiction
Rise River Vol. 1,19.48,3,In stock (10 available),Romance
The Tale,34.41,3,In stock (10 available),Biography
Shadows City,31.5,5,In stock (16 available),Philosophy
Whispers Path Vol. 3,5,3,In stock (10 available),Sequential Art
Hidden Winter Vol. 3,30.72,4,In stock (20 available),Fiction
Silent Garden Vol. 2,38.76,2,In stock (20 available),Childrens
Hidden Light,32.19,3,In stock (10 available),Poetry
Whispers Night Vol. 1,18.7,3,In stock (5 available),Childrens
Chronicles Ocean,31.14,4,In stock (20 available),Mystery
Hidden Song,35.65,4,In stock (1 available),Romance
Legacy Song,42.67,1,In stock (2 available),Biography
Beyond Garden,15.15,1,In stock (5 available),Fantasy
Beyond Light Vol. 2,6.32,4,In stock (2 available),Romance
Fall Truth Vol. 3,44.39,5,In stock (10 available),Science Fiction
Endless Flame Vol. 2,32.86,4,In stock (1 available),Science Fiction
Legacy Kingdom,20.09,5,In stock (2 available),Science Fiction
Journey Night,19.65,5,In stock (20 available),History
The Truth,16.27,4,In stock (1 available),Science Fiction
Journey Light Vol. 3,44.85,3,In stock (10 available),Childrens
Fall Forest,31.46,3,In stock (16 available),Fantasy
Golden Moon,7.36,4,In stock (5 available),Fiction
First Tale Vol. 3,26.72,4,In stock (10 available),History
Secrets World,34.02,4,In stock (20 available),Poetry
Legacy Storm,20.86,2,In stock (1 available),Biography
Golden Moon Vol. 3,46.74,3,In stock (5 available),Business
Chronicles Ocean Vol. 2,30.1,1,In stock (20 available),Childrens
Endless Storm,30.56,4,In stock (20 available),Childrens
Fall Song,42.62,4,In stock (16 available),Art
Echoes Path Vol. 1,26.9,4,In stock (2 available),Science Fiction
Rise River Vol. 1,8.74,4,In stock (5 available),Nonfiction
Broken World Vol. 2,23.6,3,In stock (20 available),Philosophy
Endless Winter,57.53,5,In stock (16 available),Fantasy
Whispers Moon Vol. 3,50.2,2,In stock (2 available),Travel
Rise Ocean Vol. 3,35.85,3,In stock (20 available),Science Fiction
Echoes River Vol. 2,55.37,1,In stock (10 available),Business
Chronicles Storm,27.13,2,In stock (1 available),Biography
Shadows Tale,5,3,In stock (1 available),Travel
First Storm Vol. 3,42.75,5,In stock (16 available),Fiction
Beyond Kingdom,44.12,5,In stock (5 available),Business
Shadows Mountain,21.45,3,In stock (1 available),Philosophy
A Path Vol. 2,13.49,3,In stock (20 available),Childrens
Shadows World Vol. 2,26.14,2,In stock (10 available),Biography
The Night,28.61,3,In stock (1 available),Science Fiction
Fall Garden,30.45,4,In stock (16 available),History
A Tale,26.64,4,In stock (10 available),Mystery
Lost Moon,26.03,3,In stock (2 available),History
Beyond Kingdom Vol. 2,56.71,4,In stock (20 available),Business
Shadows Ocean,36.62,4,In stock (5 available),Childrens
Whispers Mountain,32.91,3,In stock (2 available),Philosophy
Fall Ocean,33.91,3,In stock (2 available),Fiction
Hidden World,12.64,4,In stock (20 available),Fiction
Hidden City,5,4,In stock (1 available),Mystery
Chronicles Night Vol. 2,22.64,2,In stock (1 available),History
Legacy Star Vol. 3,29.22,4,In stock (1 available),Travel
A Kingdom,50.41,3,In stock (16 available),Business
Chronicles River Vol. 2,37.91,2,In stock (10 available),Science Fiction
Lost Light,15.56,5,In stock (2 available),Art
Whispers City,26.71,5,In stock (2 available),Fiction
Whispers Ocean Vol. 3,16.3,4,In stock (5 available),Biography
Golden Kingdom,22.59,2,In stock (10 available),Sequential Art
Whispers Ocean,27.24,4,In stock (20 available),Mystery
Last Winter,38.4,5,In stock (20 available),Nonfiction
Rise Song,18.59,4,In stock (10 available),Childrens
Fall Moon,19.35,5,In stock (1 available),Sequential Art
The Dream Vol. 3,20.79,4,In stock (5 available),Art
Journey World,28.19,2,In stock (20 available),Romance
Silent Moon,20.3,1,In stock (10 available),Fantasy
Lost World Vol. 1,33.38,4,In stock (1 available),Childrens
Silent Ocean,33.24,4,In stock (16 available),Romance
Legacy Song,45.01,4,In stock (5 available),Business
Fall Garden Vol. 1,12.49,3,In stock (20 available),Poetry
Fall Forest,21.84,4,In stock (1 available),Biography
Rise Star Vol. 3,9.5,1,In stock (2 available),Romance
Hidden City,25.43,3,In stock (5 available),Childrens
Golden Storm,33.01,4,In stock (2 available),Sequential Art
Rise Mountain,21.3,4,In stock (20 available),Sequential Art
Endless Mountain Vol. 2,32.97,5,In stock (1 available),Business
Last Garden Vol. 3,20.44,4,In stock (16 available),Art
Echoes Winter,36.22,4,In stock (5 available),Art
Last Moon,36.58,4,In stock (2 available),Sequential Art
Chronicles Moon Vol. 2,37.21,4,In stock (20 available),Fantasy
Last Path,21.84,3,In stock (20 available),Art
First Storm,25.94,5,In stock (2 available),Philosophy
Echoes Song,27.18,3,In stock (1 available),Business
Fall Flame,47.67,4,In stock (16 available),Philosophy
Legacy Ocean,21.34,1,In stock (2 available),Mystery
A Garden Vol. 1,35.61,4,In stock (2 available),Biography
A Path,5,3,In stock (10 available),Fiction
Whispers Tale,41.06,4,In stock (2 available),Romance
Last Path,10.16,5,In stock (10 available),Fiction
Broken World,24.68,5,In stock (10 available),Fiction
Journey Star,19.92,4,In stock (20 available),Childrens
Beyond Path,72.44,4,In stock (1 available),Business
Silent Garden Vol. 2,41.87,3,In stock (2 available),Romance
Endless Light Vol. 1,33.26,2,In stock (5 available),Fantasy
Golden Garden,21.26,4,In stock (10 available),Art
Endless Flame,24.15,5,In stock (16 available),Biography
Secrets Song Vol. 1,13.86,3,In stock (1 available),Romance
Fall Night,23.12,5,In stock (16 available),Poetry
Last Truth,33.73,2,In stock (5 available),Fiction
Lost Night,6.05,4,In stock (5 available),Sequential Art
Silent Mountain Vol. 2,7.09,4,In stock (1 available),Romance
Last Star,24.97,4,In stock (5 available),Fantasy
Last River,28.83,3,In stock (1 available),Biography
Secrets Storm,32.19,4,In stock (2 available),Biography
First Ocean,45.76,4,In stock (1 available),Childrens
Lost World,48.11,4,In stock (16 available),Mystery
Journey Light Vol. 2,42.14,4,In stock (10 available),Fantasy
Rise Kingdom,11.22,4,In stock (20 available),Mystery
Endless Garden,24.27,5,In stock (1 available),Poetry
Legacy Path,29.23,3,In stock (20 available),History
The Truth,15.18,2,In stock (10 available),Nonfiction
First Path,16.27,4,In stock (20 available),History
Fall Kingdom,5,2,In stock (1 available),Science Fiction
Endless Tale,37.67,4,In stock (20 available),Romance
Fall Storm,24.65,3,In stock (2 available),Art
Echoes Night Vol. 3,41.45,4,In stock (1 available),Nonfiction
First Forest,39.8,3,In stock (1 available),Mystery
Chronicles Mountain,19.28,2,In stock (20 available),Philosophy
Journey Mountain,28.86,5,In stock (5 available),Mystery
Hidden Forest,39.55,4,In stock (5 available),Business
Rise Ocean,42.93,2,In stock (2 available),Poetry
Broken Light,42.37,3,In stock (5 available),Business
Legacy Truth,5,4,In stock (1 available),Science Fiction
Chronicles City,26.26,4,In stock (1 available),History
Last Kingdom,11.25,4,In stock (2 available),Travel
A Flame,41.56,4,In stock (5 available),Sequential Art
Silent Night,27.89,3,In stock (10 available),Art
Last Song Vol. 1,10.31,4,In stock (16 available),Poetry
Echoes Song Vol. 1,27.76,2,In stock (16 available),Science Fiction
Shadows Truth,28.63,3,In stock (2 available),Nonfiction
A Storm Vol. 3,19.31,3,In stock (10 available),Travel
A Garden Vol. 3,23.82,4,In stock (20 available),Mystery
Chronicles Winter,14.04,3,In stock (10 available),Science Fiction
Fall Winter,27.68,2,In stock (10 available),Romance
Fall Star Vol. 2,60.2,4,In stock (16 available),Sequential Art
Shadows Forest,18.3,2,In stock (2 available),Mystery
Fall Tale,44.11,2,In stock (5 available),Business
Whispers Truth Vol. 3,36.74,4,In stock (1 available),Fantasy
Journey Garden,36.9,2,In stock (20 available),Philosophy
Last Garden,38.62,3,In stock (10 available),Fiction
Golden Winter,51.47,4,In stock (20 available),Sequential Art
Legacy River Vol. 1,54.09,2,In stock (10 available),Philosophy
Golden City,28.91,4,In stock (5 available),Philosophy
Echoes World,40.62,2,In stock (1 available),Philosophy
Beyond Song,32.9,4,In stock (16 available),Travel
Whispers Dream,50.38,3,In stock (1 available),Philosophy
Secrets Truth,33.1,4,In stock (1 available),Sequential Art
Broken Song Vol. 2,42.2,2,In stock (10 available),Art
Silent Star,31.97,4,In stock (20 available),Sequential Art
Endless Mountain,19.36,5,In stock (5 available),History
Golden Flame Vol. 2,29.25,1,In stock (20 available),Nonfiction
The Winter,45.48,4,In stock (5 available),Romance
Broken Star,28.79,4,In stock (5 available),Travel
Chronicles Flame,5,3,In stock (2 available),Poetry
Broken Flame Vol. 3,5,3,In stock (16 available),Science Fiction
Hidden Light,29.83,2,In stock (20 available),Poetry
Whispers Night,16.05,2,In stock (16 available),Science Fiction
Silent World,26.43,3,In stock (20 available),Childrens
The River Vol. 1,24.4,4,In stock (1 available),Sequential Art
Secrets Light Vol. 1,13.08,5,In stock (10 available),Mystery
Golden Song,17.81,1,In stock (2 available),Philosophy
Hidden Forest,16.04,3,In stock (1 available),Art
Golden Song,9.94,4,In stock (20 available),Nonfiction
A Star,30.06,3,In stock (10 available),Fiction
Fall Moon,27.22,3,In stock (20 available),Nonfiction
Secrets River Vol. 3,40.8,3,In stock (5 available),Childrens
Journey Tale Vol. 1,5,3,In stock (1 available),Sequential Art
Chronicles Dream,14.76,3,In stock (1 available),Mystery
Last Light,22.89,4,In stock (10 available),History
Endless Truth Vol. 1,15.11,4,In stock (1 available),Biography
Hidden Mountain,31.41,4,In stock (2 available),Travel
Journey World Vol. 2,9.82,3,In stock (5 available),Romance
Secrets Moon,23.86,3,In stock (16 available),Art
Echoes Truth Vol. 2,35.48,5,In stock (20 available),Nonfiction
Beyond Truth,22.14,4,In stock (5 available),Nonfiction
Beyond Night,22.86,2,In stock (1 available),Art
Hidden Tale,20.26,4,In stock (5 available),Fiction
Golden World,26.82,4,In stock (16 available),Art
Chronicles Moon,35.53,1,In stock (10 available),Science Fiction
Hidden Flame,13.65,2,In stock (1 available),Poetry
Last Forest,36.32,1,In stock (2 available),Fiction
Silent Winter Vol. 1,20.93,3,In stock (2 available),Poetry
Chronicles Truth Vol. 3,21.94,2,In stock (10 available),Poetry
Beyond Ocean Vol. 3,33.92,2,In stock (2 available),Poetry
Endless Night,20.3,4,In stock (16 available),History
Broken Moon,34.61,4,In stock (2 available),Biography
Broken Truth,26.27,3,In stock (5 available),Romance
Hidden Path,16.98,4,In stock (1 available),Art
Beyond Light,23.0,3,In stock (5 available),Mystery
Chronicles Star,36.43,1,In stock (1 available),Romance
Fall Tale,26.15,4,In stock (16 available),Philosophy
Echoes Path Vol. 2,24.33,3,In stock (1 available),Business
Silent Tale Vol. 2,43.64,5,In stock (2 available),Business
Rise Ocean,8.39,1,In stock (5 available),Philosophy
Journey World,42.73,4,In stock (16 available),History
Silent Light Vol. 2,5,3,In stock (2 available),Childrens
The City,28.83,3,In stock (20 available),Business
Secrets Storm Vol. 1,51.27,3,In stock (1 available),Mystery
The Moon,43.93,3,In stock (2 available),Mystery
Secrets Moon,26.99,2,In stock (16 available),Nonfiction
Echoes Kingdom,15.05,5,In stock (5 available),Poetry
Hidden Forest Vol. 3,5,4,In stock (2 available),Romance
Endless Tale,38.77,4,In stock (16 available),Childrens
Broken Song,23.94,3,In stock (1 available),Romance
Lost Path Vol. 2,38.31,2,In stock (1 available),History
The Song Vol. 1,26.48,5,In stock (10 available),History
Legacy Kingdom Vol. 2,30.3,2,In stock (1 available),Philosophy
First Star Vol. 1,16.83,2,In stock (20 available),Sequential Art
Silent Moon Vol. 1,23.53,3,In stock (2 available),Mystery
Last Tale,23.72,4,In stock (10 available),History
Beyond River,47.31,2,In stock (10 available),History
Golden Forest,19.46,2,In stock (16 available),Philosophy
The Dream Vol. 1,28.53,2,In stock (10 available),History
The Night,14.03,3,In stock (10 available),Fiction
Fall Forest,28.44,1,In stock (2 available),Poetry
A Light,20.3,4,In stock (10 available),Romance
The Mountain,29.46,4,In stock (10 available),Travel
Journey Garden Vol. 1,29.92,5,In stock (10 available),Childrens
Silent Path,30.56,4,In stock (20 available),Business
First Song Vol. 1,29.85,5,In stock (20 available),Fantasy
Beyond Mountain,21.89,3,In stock (2 available),Travel
Chronicles Winter Vol. 1,29.37,4,In stock (20 available),Biography
Hidden Tale Vol. 1,59.58,1,In stock (2 available),Biography
Hidden River,65.07,4,In stock (1 available),Poetry
Fall City,10.8,2,In stock (10 available),Biography
Journey World,13.47,4,In stock (1 available),Biography
Silent Star,48.72,5,In stock (10 available),History
Lost Flame,12.51,3,In stock (5 available),Childrens
Lost Light,28.97,1,In stock (2 available),Science Fiction
Lost Path,8.1,3,In stock (20 available),Poetry
Echoes Kingdom Vol. 3,33.91,4,In stock (5 available),Biography
Secrets Flame,19.67,2,In stock (5 available),Romance
Rise Ocean Vol. 3,9.33,1,In stock (20 available),Mystery
Secrets Garden,33.6,2,In stock (1 available),Art
Endless Moon Vol. 3,29.11,4,In stock (16 available),Romance
Chronicles Garden,29.61,5,In stock (20 available),Philosophy
Hidden River,23.09,3,In stock (20 available),Fiction
Broken Star,17.07,4,In stock (5 available),Art
Secrets Storm,18.13,4,In stock (16 available),Mystery
Silent Storm,45.13,2,In stock (20 available),Business
First Ocean,44.81,4,In stock (5 available),Biography
Lost Ocean,33.15,3,In stock (2 available),Biography
First Tale Vol. 2,39.02,3,In stock (5 available),Sequential Art
Fall Ocean Vol. 3,25.52,4,In stock (2 available),Art
Silent Flame Vol. 3,11.76,5,In stock (10 available),Poetry
Silent Kingdom,16.05,5,In stock (5 available),History
The Path,19.8,3,In stock (20 available),Art
Chronicles Flame,36.22,1,In stock (5 available),Philosophy
Shadows City Vol. 2,24.88,4,In stock (2 available),Sequential Art
Chronicles Path,20.38,1,In stock (5 available),Travel
Hidden Dream,24.47,4,In stock (1 available),Childrens
Golden Path,23.7,1,In stock (5 available),Biography
Fall Ocean,25.76,4,In stock (20 available),Art
Golden Kingdom,41.79,3,In stock (16 available),Travel
Shadows World,32.88,2,In stock (20 available),Nonfiction
Silent Forest,38.77,4,In stock (2 available),Romance
Shadows World Vol. 1,36.84,4,In stock (16 available),Philosophy
Silent Light Vol. 1,10.98,4,In stock (10 available),Romance
First Storm Vol. 2,52.43,4,In stock (16 available),Business
Golden Song,26.7,4,In stock (16 available),Mystery
Secrets Mountain Vol. 3,40.66,3,In stock (2 available),Travel
Rise Star,25.9,3,In stock (10 available),Fiction
Golden City,20.75,4,In stock (2 available),Sequential Art
Fall City,27.41,4,In stock (2 available),Mystery
Legacy Kingdom,19.06,2,In stock (10 available),Biography
Hidden Kingdom,20.13,3,In stock (5 available),Childrens
First Truth,26.08,4,In stock (20 available),Science Fiction
The Moon,35.06,3,In stock (20 available),Romance
Golden Light Vol. 1,46.98,5,In stock (1 available),Business
Silent Light,29.55,5,In stock (20 available),Poetry
Silent Night,26.23,1,In stock (5 available),Childrens
Hidden Tale,37.89,4,In stock (20 available),Science Fiction
The Garden,57.71,3,In stock (10 available),History
Echoes Kingdom,21.74,5,In stock (16 available),Poetry
Chronicles Garden Vol. 3,36.03,3,In stock (1 available),Sequential Art
First Light,42.02,1,In stock (10 available),Poetry
Last Tale,17.43,3,In stock (16 available),Nonfiction
Shadows Ocean,21.94,4,In stock (16 available),Poetry
First Storm Vol. 1,30.0,4,In stock (16 available),Childrens
Shadows Ocean,21.54,1,In stock (16 available),Sequential Art
Whispers Dream,25.21,1,In stock (5 available),Childrens
Broken Ocean Vol. 2,51.26,5,In stock (5 available),Childrens
Shadows Storm,17.72,1,In stock (16 available),Science Fiction
Golden Light,31.04,4,In stock (5 available),Philosophy
Secrets Truth,36.66,4,In stock (20 available),Art
Fall Dream Vol. 2,40.11,1,In stock (1 available),Fantasy
Chronicles Ocean,50.98,5,In stock (2 available),Business
Secrets Dream,25.83,5,In stock (10 available),Fantasy
Silent Garden,5.72,3,In stock (5 available),Art
Silent Tale,13.26,4,In stock (1 available),Philosophy
Last Mountain Vol. 2,24.13,5,In stock (2 available),Art
Last Flame,11.48,4,In stock (1 available),Fiction
Beyond Path Vol. 2,22.87,3,In stock (5 available),Sequential Art
Lost Dream Vol. 2,46.04,5,In stock (10 available),Philosophy
Lost River,19.06,2,In stock (16 available),Mystery
First City Vol. 2,20.82,4,In stock (20 available),Poetry
Beyond Forest Vol. 1,30.29,4,In stock (20 available),Poetry
Echoes Mountain,17.18,3,In stock (10 available),Childrens
Last Tale Vol. 1,31.56,3,In stock (2 available),Romance
Rise Winter,33.12,4,In stock (10 available),Science Fiction
Legacy Path Vol. 3,22.47,4,In stock (1 available),History
Shadows Storm,27.74,5,In stock (16 available),Biography
The Tale,41.29,4,In stock (10 available),Nonfiction
Lost Ocean,22.73,3,In stock (16 available),Philosophy
First Storm,22.71,1,In stock (5 available),Science Fiction
A City,35.31,5,In stock (1 available),Philosophy
Whispers Ocean,36.4,3,In stock (20 available),Business
Golden Winter,34.95,1,In stock (5 available),Fantasy
Rise Star,16.66,3,In stock (16 available),Biography
Secrets Path,24.72,3,In stock (16 available),Mystery
Beyond Storm,18.96,4,In stock (20 available),Mystery
Last River,11.28,4,In stock (10 available),Childrens
Golden World,17.07,5,In stock (5 available),Philosophy
Shadows Tale Vol. 3,26.16,4,In stock (16 available),Romance
Journey Path,14.04,1,In stock (20 available),Mystery
Whispers Storm Vol. 3,38.68,4,In stock (2 available),Travel
The Storm Vol. 3,31.14,4,In stock (5 available),History
Legacy Song Vol. 3,46.25,3,In stock (20 available),Biography
Endless Tale,28.7,3,In stock (5 available),Nonfiction
Hidden Truth,11.26,5,In stock (16 available),Science Fiction
Rise Forest,26.96,4,In stock (5 available),Fiction
Endless World,29.73,4,In stock (5 available),Fiction
Secrets City,45.63,5,In stock (20 available),Poetry
First Dream,30.29,4,In stock (5 available),Travel
Rise Garden Vol. 2,33.52,3,In stock (2 available),Mystery
Fall Forest,26.11,4,In stock (2 available),Romance
Secrets Forest,33.54,3,In stock (16 available),Biography
Shadows Storm Vol. 2,35.26,3,In stock (1 available),Childrens
Last City,17.63,3,In stock (20 available),Fiction
Last Mountain Vol. 1,50.41,5,In stock (5 available),Sequential Art
Lost Garden,34.36,4,In stock (5 available),Biography
The Winter,30.0,3,In stock (16 available),Sequential Art
Rise Forest,35.77,2,In stock (5 available),History
Whispers Kingdom,40.01,3,In stock (5 available),Romance
Shadows Path,37.0,1,In stock (16 available),Science Fiction
Rise Flame,53.51,1,In stock (10 available),Science Fiction
A River Vol. 2,32.7,4,In stock (16 available),Science Fiction
Lost Tale Vol. 2,35.8,4,In stock (16 available),Poetry
Secrets Forest,10.72,4,In stock (20 available),Mystery
Lost Mountain Vol. 2,32.4,3,In stock (2 available),Business
Shadows Tale Vol. 2,11.87,2,In stock (20 available),Travel
Rise World Vol. 2,30.39,3,In stock (2 available),Fiction
Legacy Star,30.34,3,In stock (10 available),Science Fiction
Whispers World,31.9,3,In stock (10 available),Mystery
Journey Tale,13.72,5,In stock (10 available),Science Fiction
Secrets World,5,4,In stock (5 available),Philosophy
First Night,59.09,1,In stock (20 available),Business
Endless Truth,15.14,4,In stock (2 available),Philosophy
Legacy Moon,31.53,4,In stock (16 available),Mystery
Silent World,52.79,2,In stock (16 available),Business
The City,38.17,3,In stock (10 available),Fantasy
Golden Winter,23.63,4,In stock (20 available),Nonfiction
Legacy Ocean Vol. 3,18.48,4,In stock (16 available),Mystery
Last Moon Vol. 1,14.69,1,In stock (20 available),Fiction
First Star Vol. 1,39.09,1,In stock (10 available),Art
Endless Moon Vol. 3,19.28,3,In stock (20 available),Childrens
Echoes Truth,35.9,3,In stock (5 available),Romance
Broken City,31.08,1,In stock (20 available),Science Fiction
Hidden Ocean,31.46,4,In stock (10 available),Science Fiction
Lost Tale,15.91,4,In stock (10 available),Science Fiction
Fall Night Vol. 1,33.56,1,In stock (10 available),Philosophy
Journey Song Vol. 2,17.0,5,In stock (16 available),Sequential Art
Hidden Star,31.72,5,In stock (1 available),Fantasy
Shadows Song Vol. 2,50.22,1,In stock (10 available),Romance
Secrets Flame Vol. 3,41.9,1,In stock (5 available),Philosophy
First Kingdom Vol. 2,41.02,3,In stock (5 available),Romance
Legacy Path,19.28,5,In stock (20 available),Childrens
Legacy Winter,37.8,1,In stock (5 available),Business
Golden Kingdom Vol. 2,29.23,2,In stock (1 available),Mystery
Chronicles Light,26.54,4,In stock (16 available),History
Echoes Winter,54.13,3,In stock (2 available),Business
Chronicles Night,24.93,5,In stock (2 available),Biography
Golden City Vol. 2,27.47,3,In stock (20 available),Biography
Lost Dream,30.19,3,In stock (1 available),Childrens
A Dream Vol. 2,31.64,3,In stock (20 available),Fantasy
First Night,20.78,3,In stock (10 available),Childrens
The Path Vol. 2,50.97,3,In stock (16 available),Business
A Mountain,40.28,5,In stock (5 available),Poetry
Rise Light,24.53,4,In stock (10 available),History
Lost Night,31.87,4,In stock (2 available),Philosophy
Rise Flame,10.58,4,In stock (1 available),Fiction
Broken Mountain,37.04,3,In stock (2 available),Business
A Kingdom,27.81,5,In stock (20 available),Fiction
Beyond Tale,32.92,4,In stock (10 available),Childrens
Endless Dream,26.66,3,In stock (10 available),Science Fiction
Secrets Forest Vol. 2,44.9,3,In stock (2 available),Childrens
Secrets Light Vol. 1,16.27,3,In stock (1 available),Travel
Chronicles Light Vol. 1,5,4,In stock (2 available),Mystery
Hidden Mountain,29.43,3,In stock (16 available),Biography
Whispers Forest Vol. 3,32.48,4,In stock (10 available),Mystery
The Truth,46.0,1,In stock (1 available),Business
Silent Light,40.96,3,In stock (10 available),Poetry
Hidden Ocean,19.15,4,In stock (1 available),Biography
First Night Vol. 1,33.7,4,In stock (5 available),Childrens
Rise Path,32.47,5,In stock (20 available),Business
Secrets Star Vol. 3,39.0,3,In stock (2 available),Mystery
Echoes Flame Vol. 1,27.95,2,In stock (20 available),Business
Silent Mountain,5,3,In stock (2 available),Poetry
Shadows Garden,30.11,5,In stock (2 available),Childrens
Hidden Moon,39.74,4,In stock (10 available),Business
The Garden,41.86,4,In stock (1 available),Poetry
Silent Mountain,16.83,5,In stock (16 available),Business
Shadows Winter,20.88,4,In stock (10 available),Fiction
The Truth,26.09,2,In stock (1 available),Nonfiction
Legacy Mountain,21.95,4,In stock (1 available),Science Fiction
Whispers Mountain,24.76,2,In stock (5 available),Biography
Silent World,27.12,3,In stock (5 available),Philosophy
Beyond Garden,36.85,4,In stock (2 available),Poetry
Fall Flame Vol. 1,31.71,5,In stock (1 available),Nonfiction
Shadows Mountain,28.37,3,In stock (1 available),Travel
The Dream,42.9,4,In stock (5 available),Business
Broken Truth,33.94,3,In stock (2 available),Nonfiction
Echoes Tale,37.47,2,In stock (10 available),Philosophy
Golden River Vol. 3,14.62,2,In stock (16 available),Poetry
Whispers Tale,35.49,2,In stock (20 available),Romance
Beyond Light,33.27,5,In stock (10 available),Mystery
Hidden Dream,10.53,1,In stock (20 available),Sequential Art
Fall Path Vol. 1,17.03,4,In stock (1 available),History
Whispers Garden,46.73,4,In stock (10 available),Science Fiction
Last Mountain,13.14,3,In stock (20 available),Childrens
Rise Night Vol. 1,33.37,1,In stock (20 available),Nonfiction
Broken Storm,14.42,5,In stock (2 available),Mystery
Beyond Tale,30.5,3,In stock (10 available),Travel
Beyond Star,40.84,1,In stock (2 available),Poetry
Whispers Forest Vol. 2,41.21,4,In stock (2 available),Science Fiction
Legacy Tale,43.07,4,In stock (2 available),Philosophy
Secrets Ocean Vol. 3,19.19,5,In stock (16 available),Art
Hidden Forest,6.08,2,In stock (10 available),Childrens
Endless Night,38.63,4,In stock (1 available),Sequential Art
Broken Garden Vol. 1,28.37,3,In stock (10 available),Childrens
Whispers Forest,24.88,4,In stock (1 available),Mystery
Broken Storm Vol. 1,31.05,1,In stock (20 available),History
Legacy Dream Vol. 3,72.35,4,In stock (16 available),Art
The Forest,25.77,5,In stock (20 available),Art
Lost Kingdom,20.66,5,In stock (5 available),Travel
Last Garden Vol. 2,24.4,3,In stock (2 available),Biography
Secrets Tale,56.78,1,In stock (20 available),Sequential Art
Fall Garden Vol. 1,24.61,3,In stock (20 available),Poetry
First River,28.75,2,In stock (5 available),Biography
Journey Flame,33.41,5,In stock (20 available),Fantasy
Beyond Night Vol. 2,8.02,3,In stock (20 available),Sequential Art
Broken Light,20.2,3,In stock (1 available),Poetry
Hidden Flame,39.44,3,In stock (16 available),Sequential Art
Fall River Vol. 1,50.45,3,In stock (1 available),Mystery
Whispers Dream,40.38,2,In stock (2 available),Childrens
Beyond Song,12.27,5,In stock (10 available),History
Fall Ocean,54.1,1,In stock (2 available),Business
Secrets Kingdom,36.89,4,In stock (5 available),Business
Hidden Winter,41.54,4,In stock (10 available),Romance
Lost Path,29.8,3,In stock (10 available),Sequential Art
Fall Path,20.86,3,In stock (2 available),Poetry
Golden Dream,31.08,4,In stock (20 available),History
Shadows Dream,31.79,5,In stock (16 available),Fiction
Shadows Forest Vol. 2,33.23,4,In stock (5 available),Science Fiction
Shadows Star,46.06,3,In stock (1 available),Science Fiction
The Moon,41.28,5,In stock (16 available),Fantasy
Last World,24.94,3,In stock (5 available),History
Endless City,37.64,2,In stock (10 available),Sequential Art
A City,22.88,3,In stock (10 available),Mystery
Golden Night Vol. 2,20.42,2,In stock (16 available),Mystery
Journey Light,42.57,3,In stock (10 available),Mystery
Secrets Song,28.24,5,In stock (20 available),Fantasy
Fall Moon,42.9,3,In stock (10 available),Art
Fall Kingdom Vol. 2,23.35,4,In stock (2 available),Poetry
Lost Ocean Vol. 2,40.17,4,In stock (10 available),Science Fiction
Broken City,34.32,5,In stock (16 available),Mystery
Rise River Vol. 3,36.01,1,In stock (20 available),Mystery
Chronicles Ocean,30.02,2,In stock (2 available),Fantasy
Silent Path Vol. 3,5.49,4,In stock (5 available),Fiction
Endless Path,25.27,1,In stock (5 available),Childrens
Legacy Truth,45.64,5,In stock (10 available),Business
Echoes Truth,48.09,3,In stock (1 available),Nonfiction
Golden Star Vol. 3,33.63,3,In stock (5 available),Philosophy
Hidden Mountain,7.36,2,In stock (1 available),Childrens
Shadows World,17.44,3,In stock (1 available),Science Fiction
Chronicles Star,31.64,3,In stock (20 available),Sequential Art
Secrets Song,26.95,4,In stock (16 available),Science Fiction
Echoes Flame Vol. 2,40.1,3,In stock (20 available),Art
Fall Mountain,10.2,4,In stock (1 available),Poetry
Shadows Song Vol. 2,17.1,5,In stock (1 available),Biography
Beyond City,29.04,2,In stock (16 available),Art
Golden Song,21.61,3,In stock (1 available),Romance
Whispers City Vol. 1,7.35,3,In stock (5 available),Poetry
Shadows Forest,35.25,3,In stock (20 available),Biography
Whispers Night,26.62,4,In stock (5 available),Science Fiction
Shadows Storm,20.37,1,In stock (10 available),Travel
Broken Garden,5.43,4,In stock (16 available),Fiction
Endless Garden,27.92,4,In stock (1 available),Sequential Art
Whispers Tale,32.44,2,In stock (20 available),Sequential Art
Fall Kingdom,27.77,4,In stock (5 available),Art
Echoes Song,18.33,3,In stock (1 available),Nonfiction
Whispers Winter,21.4,2,In stock (16 available),Nonfiction
The Mountain,5,4,In stock (5 available),Art
Endless Dream,32.73,3,In stock (2 available),Mystery
Last Night,38.19,5,In stock (1 available),Biography
